EmployeeNumber, Address
1000, 1 street#1
1001, 2 street#2
1002, 3 street#3
1003, 4 street#4
1004, 5 street#5
1005, 6 street#6
1006, 7 street#7
1007, 8 street#8
1008, 9 street#9
1009, 10 street#10
1010, 11 street#11
1011, 12 street#12
1012, 13 street#13
1013, 14 street#14
1014, 15 street#15
1015, 16 street#16
1016, 17 street#17
1017, 18 street#18
1018, 19 street#19
1019, 20 street#20
1020, 21 street#21
1021, 22 street#22
1022, 23 street#23
1023, 24 street#24
1024, 25 street#25
1025, 26 street#26
1026, 27 street#27
1027, 28 street#28
1028, 29 street#29
1029, 30 street#30
1030, 31 street#31
1031, 32 street#32
1032, 33 street#33
1033, 34 street#34
1034, 35 street#35
1035, 36 street#36
1036, 37 street#37
1037, 38 street#38
1038, 39 street#39
1039, 40 street#40
1040, 41 street#41
1041, 42 street#42
1042, 43 street#43
1043, 44 street#44
1044, 45 street#45
1045, 46 street#46
1046, 47 street#47
1047, 48 street#48
1048, 49 street#49
1049, 50 street#50
1050, 51 street#51
1051, 52 street#52
1052, 53 street#53
1053, 54 street#54
1054, 55 street#55
1055, 56 street#56
1056, 57 street#57
1057, 58 street#58
1058, 59 street#59
1059, 60 street#60
1060, 61 street#61
1061, 62 street#62
1062, 63 street#63
1063, 64 street#64
1064, 65 street#65
1065, 66 street#66
1066, 67 street#67
1067, 68 street#68
1068, 69 street#69
1069, 70 street#70
1070, 71 street#71
1071, 72 street#72
1072, 73 street#73
1073, 74 street#74
1074, 75 street#75
1075, 76 street#76
1076, 77 street#77
1077, 78 street#78
1078, 79 street#79
1079, 80 street#80
1080, 81 street#81
1081, 82 street#82
1082, 83 street#83
1083, 84 street#84
1084, 85 street#85
1085, 86 street#86
1086, 87 street#87
1087, 88 street#88
1088, 89 street#89
1089, 90 street#90
1090, 91 street#91
1091, 92 street#92
1092, 93 street#93
1093, 94 street#94
1094, 95 street#95
1095, 96 street#96
1096, 97 street#97
1097, 98 street#98
1098, 99 street#99
1099, 100 street#100
1100, 101 street#101
1101, 102 street#102
1102, 103 street#103
1103, 104 street#104
1104, 105 street#105
1105, 106 street#106
1106, 107 street#107
1107, 108 street#108
1108, 109 street#109
1109, 110 street#110
1110, 111 street#111
1111, 112 street#112
1112, 113 street#113
1113, 114 street#114
1114, 115 street#115
1115, 116 street#116
1116, 117 street#117
1117, 118 street#118
1118, 119 street#119
1119, 120 street#120
1120, 121 street#121
1121, 122 street#122
1122, 123 street#123
1123, 124 street#124
1124, 125 street#125
1125, 126 street#126
1126, 127 street#127
1127, 128 street#128
1128, 129 street#129
1129, 130 street#130
1130, 131 street#131
1131, 132 street#132
1132, 133 street#133
1133, 134 street#134
1134, 135 street#135
1135, 136 street#136
1136, 137 street#137
1137, 138 street#138
1138, 139 street#139
1139, 140 street#140
1140, 141 street#141
1141, 142 street#142
1142, 143 street#143
1143, 144 street#144
1144, 145 street#145
1145, 146 street#146
1146, 147 street#147
1147, 148 street#148
1148, 149 street#149
1149, 150 street#150
1150, 151 street#151
1151, 152 street#152
1152, 153 street#153
1153, 154 street#154
1154, 155 street#155
1155, 156 street#156
1156, 157 street#157
1157, 158 street#158
1158, 159 street#159
1159, 160 street#160
1160, 161 street#161
1161, 162 street#162
1162, 163 street#163
1163, 164 street#164
1164, 165 street#165
1165, 166 street#166
1166, 167 street#167
1167, 168 street#168
1168, 169 street#169
1169, 170 street#170
1170, 171 street#171
1171, 172 street#172
1172, 173 street#173
1173, 174 street#174
1174, 175 street#175
1175, 176 street#176
1176, 177 street#177
1177, 178 street#178
1178, 179 street#179
1179, 180 street#180
1180, 181 street#181
1181, 182 street#182
1182, 183 street#183
1183, 184 street#184
1184, 185 street#185
1185, 186 street#186
1186, 187 street#187
1187, 188 street#188
1188, 189 street#189
1189, 190 street#190
1190, 191 street#191
1191, 192 street#192
1192, 193 street#193
1193, 194 street#194
1194, 195 street#195
1195, 196 street#196
1196, 197 street#197
1197, 198 street#198
1198, 199 street#199
1199, 200 street#200
1200, 201 street#201
1201, 202 street#202
1202, 203 street#203
1203, 204 street#204
1204, 205 street#205
1205, 206 street#206
1206, 207 street#207
1207, 208 street#208
1208, 209 street#209
1209, 210 street#210
1210, 211 street#211
1211, 212 street#212
1212, 213 street#213
1213, 214 street#214
1214, 215 street#215
1215, 216 street#216
1216, 217 street#217
1217, 218 street#218
1218, 219 street#219
1219, 220 street#220
1220, 221 street#221
1221, 222 street#222
1222, 223 street#223
1223, 224 street#224
1224, 225 street#225
1225, 226 street#226
1226, 227 street#227
1227, 228 street#228
1228, 229 street#229
1229, 230 street#230
1230, 231 street#231
1231, 232 street#232
1232, 233 street#233
1233, 234 street#234
1234, 235 street#235
1235, 236 street#236
1236, 237 street#237
1237, 238 street#238
1238, 239 street#239
1239, 240 street#240
1240, 241 street#241
1241, 242 street#242
1242, 243 street#243
1243, 244 street#244
1244, 245 street#245
1245, 246 street#246
1246, 247 street#247
1247, 248 street#248
1248, 249 street#249
1249, 250 street#250
1250, 251 street#251
1251, 252 street#252
1252, 253 street#253
1253, 254 street#254
1254, 255 street#255
1255, 256 street#256
1256, 257 street#257
1257, 258 street#258
1258, 259 street#259
1259, 260 street#260
1260, 261 street#261
1261, 262 street#262
1262, 263 street#263
1263, 264 street#264
1264, 265 street#265
1265, 266 street#266
1266, 267 street#267
1267, 268 street#268
1268, 269 street#269
1269, 270 street#270
1270, 271 street#271
1271, 272 street#272
1272, 273 street#273
1273, 274 street#274
1274, 275 street#275
1275, 276 street#276
1276, 277 street#277
1277, 278 street#278
1278, 279 street#279
1279, 280 street#280
1280, 281 street#281
1281, 282 street#282
1282, 283 street#283
1283, 284 street#284
1284, 285 street#285
1285, 286 street#286
1286, 287 street#287
1287, 288 street#288
1288, 289 street#289
1289, 290 street#290
1290, 291 street#291
1291, 292 street#292
1292, 293 street#293
1293, 294 street#294
1294, 295 street#295
1295, 296 street#296
1296, 297 street#297
1297, 298 street#298
1298, 299 street#299
1299, 300 street#300
1300, 301 street#301
1301, 302 street#302
1302, 303 street#303
1303, 304 street#304
1304, 305 street#305
1305, 306 street#306
1306, 307 street#307
1307, 308 street#308
1308, 309 street#309
1309, 310 street#310
1310, 311 street#311
1311, 312 street#312
1312, 313 street#313
1313, 314 street#314
1314, 315 street#315
1315, 316 street#316
1316, 317 street#317
1317, 318 street#318
1318, 319 street#319
1319, 320 street#320
1320, 321 street#321
1321, 322 street#322
1322, 323 street#323
1323, 324 street#324
1324, 325 street#325
1325, 326 street#326
1326, 327 street#327
1327, 328 street#328
1328, 329 street#329
1329, 330 street#330
1330, 331 street#331
1331, 332 street#332
1332, 333 street#333
1333, 334 street#334
1334, 335 street#335
1335, 336 street#336
1336, 337 street#337
1337, 338 street#338
1338, 339 street#339
1339, 340 street#340
1340, 341 street#341
1341, 342 street#342
1342, 343 street#343
1343, 344 street#344
1344, 345 street#345
1345, 346 street#346
1346, 347 street#347
1347, 348 street#348
1348, 349 street#349
1349, 350 street#350
1350, 351 street#351
1351, 352 street#352
1352, 353 street#353
1353, 354 street#354
1354, 355 street#355
1355, 356 street#356
1356, 357 street#357
1357, 358 street#358
1358, 359 street#359
1359, 360 street#360
1360, 361 street#361
1361, 362 street#362
1362, 363 street#363
1363, 364 street#364
1364, 365 street#365
1365, 366 street#366
1366, 367 street#367
1367, 368 street#368
1368, 369 street#369
1369, 370 street#370
1370, 371 street#371
1371, 372 street#372
1372, 373 street#373
1373, 374 street#374
1374, 375 street#375
1375, 376 street#376
1376, 377 street#377
1377, 378 street#378
1378, 379 street#379
1379, 380 street#380
1380, 381 street#381
1381, 382 street#382
1382, 383 street#383
1383, 384 street#384
1384, 385 street#385
1385, 386 street#386
1386, 387 street#387
1387, 388 street#388
1388, 389 street#389
1389, 390 street#390
1390, 391 street#391
1391, 392 street#392
1392, 393 street#393
1393, 394 street#394
1394, 395 street#395
1395, 396 street#396
1396, 397 street#397
1397, 398 street#398
1398, 399 street#399
1399, 400 street#400
1400, 401 street#401
1401, 402 street#402
1402, 403 street#403
1403, 404 street#404
1404, 405 street#405
1405, 406 street#406
1406, 407 street#407
1407, 408 street#408
1408, 409 street#409
1409, 410 street#410
1410, 411 street#411
1411, 412 street#412
1412, 413 street#413
1413, 414 street#414
1414, 415 street#415
1415, 416 street#416
1416, 417 street#417
1417, 418 street#418
1418, 419 street#419
1419, 420 street#420
1420, 421 street#421
1421, 422 street#422
1422, 423 street#423
1423, 424 street#424
1424, 425 street#425
1425, 426 street#426
1426, 427 street#427
1427, 428 street#428
1428, 429 street#429
1429, 430 street#430
1430, 431 street#431
1431, 432 street#432
1432, 433 street#433
1433, 434 street#434
1434, 435 street#435
1435, 436 street#436
1436, 437 street#437
1437, 438 street#438
1438, 439 street#439
1439, 440 street#440
1440, 441 street#441
1441, 442 street#442
1442, 443 street#443
1443, 444 street#444
1444, 445 street#445
1445, 446 street#446
1446, 447 street#447
1447, 448 street#448
1448, 449 street#449
1449, 450 street#450
1450, 451 street#451
1451, 452 street#452
1452, 453 street#453
1453, 454 street#454
1454, 455 street#455
1455, 456 street#456
1456, 457 street#457
1457, 458 street#458
1458, 459 street#459
1459, 460 street#460
1460, 461 street#461
1461, 462 street#462
1462, 463 street#463
1463, 464 street#464
1464, 465 street#465
1465, 466 street#466
1466, 467 street#467
1467, 468 street#468
1468, 469 street#469
1469, 470 street#470
1470, 471 street#471
1471, 472 street#472
1472, 473 street#473
1473, 474 street#474
1474, 475 street#475
1475, 476 street#476
1476, 477 street#477
1477, 478 street#478
1478, 479 street#479
1479, 480 street#480
1480, 481 street#481
1481, 482 street#482
1482, 483 street#483
1483, 484 street#484
1484, 485 street#485
1485, 486 street#486
1486, 487 street#487
1487, 488 street#488
1488, 489 street#489
1489, 490 street#490
1490, 491 street#491
1491, 492 street#492
1492, 493 street#493
1493, 494 street#494
1494, 495 street#495
1495, 496 street#496
1496, 497 street#497
1497, 498 street#498
1498, 499 street#499
1499, 500 street#500
1500, 501 street#501
1501, 502 street#502
1502, 503 street#503
1503, 504 street#504
1504, 505 street#505
1505, 506 street#506
1506, 507 street#507
1507, 508 street#508
1508, 509 street#509
1509, 510 street#510
1510, 511 street#511
1511, 512 street#512
1512, 513 street#513
1513, 514 street#514
1514, 515 street#515
1515, 516 street#516
1516, 517 street#517
1517, 518 street#518
1518, 519 street#519
1519, 520 street#520
1520, 521 street#521
1521, 522 street#522
1522, 523 street#523
1523, 524 street#524
1524, 525 street#525
1525, 526 street#526
1526, 527 street#527
1527, 528 street#528
1528, 529 street#529
1529, 530 street#530
1530, 531 street#531
1531, 532 street#532
1532, 533 street#533
1533, 534 street#534
1534, 535 street#535
1535, 536 street#536
1536, 537 street#537
1537, 538 street#538
1538, 539 street#539
1539, 540 street#540
1540, 541 street#541
1541, 542 street#542
1542, 543 street#543
1543, 544 street#544
1544, 545 street#545
1545, 546 street#546
1546, 547 street#547
1547, 548 street#548
1548, 549 street#549
1549, 550 street#550
1550, 551 street#551
1551, 552 street#552
1552, 553 street#553
1553, 554 street#554
1554, 555 street#555
1555, 556 street#556
1556, 557 street#557
1557, 558 street#558
1558, 559 street#559
1559, 560 street#560
1560, 561 street#561
1561, 562 street#562
1562, 563 street#563
1563, 564 street#564
1564, 565 street#565
1565, 566 street#566
1566, 567 street#567
1567, 568 street#568
1568, 569 street#569
1569, 570 street#570
1570, 571 street#571
1571, 572 street#572
1572, 573 street#573
1573, 574 street#574
1574, 575 street#575
1575, 576 street#576
1576, 577 street#577
1577, 578 street#578
1578, 579 street#579
1579, 580 street#580
1580, 581 street#581
1581, 582 street#582
1582, 583 street#583
1583, 584 street#584
1584, 585 street#585
1585, 586 street#586
1586, 587 street#587
1587, 588 street#588
1588, 589 street#589
1589, 590 street#590
1590, 591 street#591
1591, 592 street#592
1592, 593 street#593
1593, 594 street#594
1594, 595 street#595
1595, 596 street#596
1596, 597 street#597
1597, 598 street#598
1598, 599 street#599
1599, 600 street#600
1600, 601 street#601
1601, 602 street#602
1602, 603 street#603
1603, 604 street#604
1604, 605 street#605
1605, 606 street#606
1606, 607 street#607
1607, 608 street#608
1608, 609 street#609
1609, 610 street#610
1610, 611 street#611
1611, 612 street#612
1612, 613 street#613
1613, 614 street#614
1614, 615 street#615
1615, 616 street#616
1616, 617 street#617
1617, 618 street#618
1618, 619 street#619
1619, 620 street#620
1620, 621 street#621
1621, 622 street#622
1622, 623 street#623
1623, 624 street#624
1624, 625 street#625
1625, 626 street#626
1626, 627 street#627
1627, 628 street#628
1628, 629 street#629
1629, 630 street#630
1630, 631 street#631
1631, 632 street#632
1632, 633 street#633
1633, 634 street#634
1634, 635 street#635
1635, 636 street#636
1636, 637 street#637
1637, 638 street#638
1638, 639 street#639
1639, 640 street#640
1640, 641 street#641
1641, 642 street#642
1642, 643 street#643
1643, 644 street#644
1644, 645 street#645
1645, 646 street#646
1646, 647 street#647
1647, 648 street#648
1648, 649 street#649
1649, 650 street#650
1650, 651 street#651
1651, 652 street#652
1652, 653 street#653
1653, 654 street#654
1654, 655 street#655
1655, 656 street#656
1656, 657 street#657
1657, 658 street#658
1658, 659 street#659
1659, 660 street#660
1660, 661 street#661
1661, 662 street#662
1662, 663 street#663
1663, 664 street#664
1664, 665 street#665
1665, 666 street#666
1666, 667 street#667
1667, 668 street#668
1668, 669 street#669
1669, 670 street#670
1670, 671 street#671
1671, 672 street#672
1672, 673 street#673
1673, 674 street#674
1674, 675 street#675
1675, 676 street#676
1676, 677 street#677
1677, 678 street#678
1678, 679 street#679
1679, 680 street#680
1680, 681 street#681
1681, 682 street#682
1682, 683 street#683
1683, 684 street#684
1684, 685 street#685
1685, 686 street#686
1686, 687 street#687
1687, 688 street#688
1688, 689 street#689
1689, 690 street#690
1690, 691 street#691
1691, 692 street#692
1692, 693 street#693
1693, 694 street#694
1694, 695 street#695
1695, 696 street#696
1696, 697 street#697
1697, 698 street#698
1698, 699 street#699
1699, 700 street#700
1700, 701 street#701
1701, 702 street#702
1702, 703 street#703
1703, 704 street#704
1704, 705 street#705
1705, 706 street#706
1706, 707 street#707
1707, 708 street#708
1708, 709 street#709
1709, 710 street#710
1710, 711 street#711
1711, 712 street#712
1712, 713 street#713
1713, 714 street#714
1714, 715 street#715
1715, 716 street#716
1716, 717 street#717
1717, 718 street#718
1718, 719 street#719
1719, 720 street#720
1720, 721 street#721
1721, 722 street#722
1722, 723 street#723
1723, 724 street#724
1724, 725 street#725
1725, 726 street#726
1726, 727 street#727
1727, 728 street#728
1728, 729 street#729
1729, 730 street#730
1730, 731 street#731
1731, 732 street#732
1732, 733 street#733
1733, 734 street#734
1734, 735 street#735
1735, 736 street#736
1736, 737 street#737
1737, 738 street#738
1738, 739 street#739
1739, 740 street#740
1740, 741 street#741
1741, 742 street#742
1742, 743 street#743
1743, 744 street#744
1744, 745 street#745
1745, 746 street#746
1746, 747 street#747
1747, 748 street#748
1748, 749 street#749
1749, 750 street#750
1750, 751 street#751
1751, 752 street#752
1752, 753 street#753
1753, 754 street#754
1754, 755 street#755
1755, 756 street#756
1756, 757 street#757
1757, 758 street#758
1758, 759 street#759
1759, 760 street#760
1760, 761 street#761
1761, 762 street#762
1762, 763 street#763
1763, 764 street#764
1764, 765 street#765
1765, 766 street#766
1766, 767 street#767
1767, 768 street#768
1768, 769 street#769
1769, 770 street#770
1770, 771 street#771
1771, 772 street#772
1772, 773 street#773
1773, 774 street#774
1774, 775 street#775
1775, 776 street#776
1776, 777 street#777
1777, 778 street#778
1778, 779 street#779
1779, 780 street#780
1780, 781 street#781
1781, 782 street#782
1782, 783 street#783
1783, 784 street#784
1784, 785 street#785
1785, 786 street#786
1786, 787 street#787
1787, 788 street#788
1788, 789 street#789
1789, 790 street#790
1790, 791 street#791
1791, 792 street#792
1792, 793 street#793
1793, 794 street#794
1794, 795 street#795
1795, 796 street#796
1796, 797 street#797
1797, 798 street#798
1798, 799 street#799
1799, 800 street#800
1800, 801 street#801
1801, 802 street#802
1802, 803 street#803
1803, 804 street#804
1804, 805 street#805
1805, 806 street#806
1806, 807 street#807
1807, 808 street#808
1808, 809 street#809
1809, 810 street#810
1810, 811 street#811
1811, 812 street#812
1812, 813 street#813
1813, 814 street#814
1814, 815 street#815
1815, 816 street#816
1816, 817 street#817
1817, 818 street#818
1818, 819 street#819
1819, 820 street#820
1820, 821 street#821
1821, 822 street#822
1822, 823 street#823
1823, 824 street#824
1824, 825 street#825
1825, 826 street#826
1826, 827 street#827
1827, 828 street#828
1828, 829 street#829
1829, 830 street#830
1830, 831 street#831
1831, 832 street#832
1832, 833 street#833
1833, 834 street#834
1834, 835 street#835
1835, 836 street#836
1836, 837 street#837
1837, 838 street#838
1838, 839 street#839
1839, 840 street#840
1840, 841 street#841
1841, 842 street#842
1842, 843 street#843
1843, 844 street#844
1844, 845 street#845
1845, 846 street#846
1846, 847 street#847
1847, 848 street#848
1848, 849 street#849
1849, 850 street#850
1850, 851 street#851
1851, 852 street#852
1852, 853 street#853
1853, 854 street#854
1854, 855 street#855
1855, 856 street#856
1856, 857 street#857
1857, 858 street#858
1858, 859 street#859
1859, 860 street#860
1860, 861 street#861
1861, 862 street#862
1862, 863 street#863
1863, 864 street#864
1864, 865 street#865
1865, 866 street#866
1866, 867 street#867
1867, 868 street#868
1868, 869 street#869
1869, 870 street#870
1870, 871 street#871
1871, 872 street#872
1872, 873 street#873
1873, 874 street#874
1874, 875 street#875
1875, 876 street#876
1876, 877 street#877
1877, 878 street#878
1878, 879 street#879
1879, 880 street#880
1880, 881 street#881
1881, 882 street#882
1882, 883 street#883
1883, 884 street#884
1884, 885 street#885
1885, 886 street#886
1886, 887 street#887
1887, 888 street#888
1888, 889 street#889
1889, 890 street#890
1890, 891 street#891
1891, 892 street#892
1892, 893 street#893
1893, 894 street#894
1894, 895 street#895
1895, 896 street#896
1896, 897 street#897
1897, 898 street#898
1898, 899 street#899
1899, 900 street#900
1900, 901 street#901
1901, 902 street#902
1902, 903 street#903
1903, 904 street#904
1904, 905 street#905
1905, 906 street#906
1906, 907 street#907
1907, 908 street#908
1908, 909 street#909
1909, 910 street#910
1910, 911 street#911
1911, 912 street#912
1912, 913 street#913
1913, 914 street#914
1914, 915 street#915
1915, 916 street#916
1916, 917 street#917
1917, 918 street#918
1918, 919 street#919
1919, 920 street#920
1920, 921 street#921
1921, 922 street#922
1922, 923 street#923
1923, 924 street#924
1924, 925 street#925
1925, 926 street#926
1926, 927 street#927
1927, 928 street#928
1928, 929 street#929
1929, 930 street#930
1930, 931 street#931
1931, 932 street#932
1932, 933 street#933
1933, 934 street#934
1934, 935 street#935
1935, 936 street#936
1936, 937 street#937
1937, 938 street#938
1938, 939 street#939
1939, 940 street#940
1940, 941 street#941
1941, 942 street#942
1942, 943 street#943
1943, 944 street#944
1944, 945 street#945
1945, 946 street#946
1946, 947 street#947
1947, 948 street#948
1948, 949 street#949
1949, 950 street#950
1950, 951 street#951
1951, 952 street#952
1952, 953 street#953
1953, 954 street#954
1954, 955 street#955
1955, 956 street#956
1956, 957 street#957
1957, 958 street#958
1958, 959 street#959
1959, 960 street#960
1960, 961 street#961
1961, 962 street#962
1962, 963 street#963
1963, 964 street#964
1964, 965 street#965
1965, 966 street#966
1966, 967 street#967
1967, 968 street#968
1968, 969 street#969
1969, 970 street#970
1970, 971 street#971
1971, 972 street#972
1972, 973 street#973
1973, 974 street#974
1974, 975 street#975
1975, 976 street#976
1976, 977 street#977
1977, 978 street#978
1978, 979 street#979
1979, 980 street#980
1980, 981 street#981
1981, 982 street#982
1982, 983 street#983
1983, 984 street#984
1984, 985 street#985
1985, 986 street#986
1986, 987 street#987
1987, 988 street#988
1988, 989 street#989
1989, 990 street#990
1990, 991 street#991
1991, 992 street#992
1992, 993 street#993
1993, 994 street#994
1994, 995 street#995
1995, 996 street#996
1996, 997 street#997
1997, 998 street#998
1998, 999 street#999
1999, 1000 street#1000
2000, 1001 street#1001
2001, 1002 street#1002
2002, 1003 street#1003
2003, 1004 street#1004
2004, 1005 street#1005
2005, 1006 street#1006
2006, 1007 street#1007
2007, 1008 street#1008
2008, 1009 street#1009
2009, 1010 street#1010
2010, 1011 street#1011
2011, 1012 street#1012
2012, 1013 street#1013
2013, 1014 street#1014
2014, 1015 street#1015
2015, 1016 street#1016
2016, 1017 street#1017
2017, 1018 street#1018
2018, 1019 street#1019
2019, 1020 street#1020
2020, 1021 street#1021
2021, 1022 street#1022
2022, 1023 street#1023
2023, 1024 street#1024
2024, 1025 street#1025
2025, 1026 street#1026
2026, 1027 street#1027
2027, 1028 street#1028
2028, 1029 street#1029
2029, 1030 street#1030
2030, 1031 street#1031
2031, 1032 street#1032
2032, 1033 street#1033
2033, 1034 street#1034
2034, 1035 street#1035
2035, 1036 street#1036
2036, 1037 street#1037
2037, 1038 street#1038
2038, 1039 street#1039
2039, 1040 street#1040
2040, 1041 street#1041
2041, 1042 street#1042
2042, 1043 street#1043
2043, 1044 street#1044
2044, 1045 street#1045
2045, 1046 street#1046
2046, 1047 street#1047
2047, 1048 street#1048
2048, 1049 street#1049
2049, 1050 street#1050
2050, 1051 street#1051
2051, 1052 street#1052
2052, 1053 street#1053
2053, 1054 street#1054
2054, 1055 street#1055
2055, 1056 street#1056
2056, 1057 street#1057
2057, 1058 street#1058
2058, 1059 street#1059
2059, 1060 street#1060
2060, 1061 street#1061
2061, 1062 street#1062
2062, 1063 street#1063
2063, 1064 street#1064
2064, 1065 street#1065
2065, 1066 street#1066
2066, 1067 street#1067
2067, 1068 street#1068
2068, 1069 street#1069
2069, 1070 street#1070
2070, 1071 street#1071
2071, 1072 street#1072
2072, 1073 street#1073
2073, 1074 street#1074
2074, 1075 street#1075
2075, 1076 street#1076
2076, 1077 street#1077
2077, 1078 street#1078
2078, 1079 street#1079
2079, 1080 street#1080
2080, 1081 street#1081
2081, 1082 street#1082
2082, 1083 street#1083
2083, 1084 street#1084
2084, 1085 street#1085
2085, 1086 street#1086
2086, 1087 street#1087
2087, 1088 street#1088
2088, 1089 street#1089
2089, 1090 street#1090
2090, 1091 street#1091
2091, 1092 street#1092
2092, 1093 street#1093
2093, 1094 street#1094
2094, 1095 street#1095
2095, 1096 street#1096
2096, 1097 street#1097
2097, 1098 street#1098
2098, 1099 street#1099
2099, 1100 street#1100
2100, 1101 street#1101
2101, 1102 street#1102
2102, 1103 street#1103
2103, 1104 street#1104
2104, 1105 street#1105
2105, 1106 street#1106
2106, 1107 street#1107
2107, 1108 street#1108
2108, 1109 street#1109
2109, 1110 street#1110
2110, 1111 street#1111
2111, 1112 street#1112
2112, 1113 street#1113
2113, 1114 street#1114
2114, 1115 street#1115
2115, 1116 street#1116
2116, 1117 street#1117
2117, 1118 street#1118
2118, 1119 street#1119
2119, 1120 street#1120
2120, 1121 street#1121
2121, 1122 street#1122
2122, 1123 street#1123
2123, 1124 street#1124
2124, 1125 street#1125
2125, 1126 street#1126
2126, 1127 street#1127
2127, 1128 street#1128
2128, 1129 street#1129
2129, 1130 street#1130
2130, 1131 street#1131
2131, 1132 street#1132
2132, 1133 street#1133
2133, 1134 street#1134
2134, 1135 street#1135
2135, 1136 street#1136
2136, 1137 street#1137
2137, 1138 street#1138
2138, 1139 street#1139
2139, 1140 street#1140
2140, 1141 street#1141
2141, 1142 street#1142
2142, 1143 street#1143
2143, 1144 street#1144
2144, 1145 street#1145
2145, 1146 street#1146
2146, 1147 street#1147
2147, 1148 street#1148
2148, 1149 street#1149
2149, 1150 street#1150
2150, 1151 street#1151
2151, 1152 street#1152
2152, 1153 street#1153
2153, 1154 street#1154
2154, 1155 street#1155
2155, 1156 street#1156
2156, 1157 street#1157
2157, 1158 street#1158
2158, 1159 street#1159
2159, 1160 street#1160
2160, 1161 street#1161
2161, 1162 street#1162
2162, 1163 street#1163
2163, 1164 street#1164
2164, 1165 street#1165
2165, 1166 street#1166
2166, 1167 street#1167
2167, 1168 street#1168
2168, 1169 street#1169
2169, 1170 street#1170
2170, 1171 street#1171
2171, 1172 street#1172
2172, 1173 street#1173
2173, 1174 street#1174
2174, 1175 street#1175
2175, 1176 street#1176
2176, 1177 street#1177
2177, 1178 street#1178
2178, 1179 street#1179
2179, 1180 street#1180
2180, 1181 street#1181
2181, 1182 street#1182
2182, 1183 street#1183
2183, 1184 street#1184
2184, 1185 street#1185
2185, 1186 street#1186
2186, 1187 street#1187
2187, 1188 street#1188
2188, 1189 street#1189
2189, 1190 street#1190
2190, 1191 street#1191
2191, 1192 street#1192
2192, 1193 street#1193
2193, 1194 street#1194
2194, 1195 street#1195
2195, 1196 street#1196
2196, 1197 street#1197
2197, 1198 street#1198
2198, 1199 street#1199
2199, 1200 street#1200
2200, 1201 street#1201
2201, 1202 street#1202
2202, 1203 street#1203
2203, 1204 street#1204
2204, 1205 street#1205
2205, 1206 street#1206
2206, 1207 street#1207
2207, 1208 street#1208
2208, 1209 street#1209
2209, 1210 street#1210
2210, 1211 street#1211
2211, 1212 street#1212
2212, 1213 street#1213
2213, 1214 street#1214
2214, 1215 street#1215
2215, 1216 street#1216
2216, 1217 street#1217
2217, 1218 street#1218
2218, 1219 street#1219
2219, 1220 street#1220
2220, 1221 street#1221
2221, 1222 street#1222
2222, 1223 street#1223
2223, 1224 street#1224
2224, 1225 street#1225
2225, 1226 street#1226
2226, 1227 street#1227
2227, 1228 street#1228
2228, 1229 street#1229
2229, 1230 street#1230
2230, 1231 street#1231
2231, 1232 street#1232
2232, 1233 street#1233
2233, 1234 street#1234
2234, 1235 street#1235
2235, 1236 street#1236
2236, 1237 street#1237
2237, 1238 street#1238
2238, 1239 street#1239
2239, 1240 street#1240
2240, 1241 street#1241
2241, 1242 street#1242
2242, 1243 street#1243
2243, 1244 street#1244
2244, 1245 street#1245
2245, 1246 street#1246
2246, 1247 street#1247
2247, 1248 street#1248
2248, 1249 street#1249
2249, 1250 street#1250
2250, 1251 street#1251
2251, 1252 street#1252
2252, 1253 street#1253
2253, 1254 street#1254
2254, 1255 street#1255
2255, 1256 street#1256
2256, 1257 street#1257
2257, 1258 street#1258
2258, 1259 street#1259
2259, 1260 street#1260
2260, 1261 street#1261
2261, 1262 street#1262
2262, 1263 street#1263
2263, 1264 street#1264
2264, 1265 street#1265
2265, 1266 street#1266
2266, 1267 street#1267
2267, 1268 street#1268
2268, 1269 street#1269
2269, 1270 street#1270
2270, 1271 street#1271
2271, 1272 street#1272
2272, 1273 street#1273
2273, 1274 street#1274
2274, 1275 street#1275
2275, 1276 street#1276
2276, 1277 street#1277
2277, 1278 street#1278
2278, 1279 street#1279
2279, 1280 street#1280
2280, 1281 street#1281
2281, 1282 street#1282
2282, 1283 street#1283
2283, 1284 street#1284
2284, 1285 street#1285
2285, 1286 street#1286
2286, 1287 street#1287
2287, 1288 street#1288
2288, 1289 street#1289
2289, 1290 street#1290
2290, 1291 street#1291
2291, 1292 street#1292
2292, 1293 street#1293
2293, 1294 street#1294
2294, 1295 street#1295
2295, 1296 street#1296
2296, 1297 street#1297
2297, 1298 street#1298
2298, 1299 street#1299
2299, 1300 street#1300
2300, 1301 street#1301
2301, 1302 street#1302
2302, 1303 street#1303
2303, 1304 street#1304
2304, 1305 street#1305
2305, 1306 street#1306
2306, 1307 street#1307
2307, 1308 street#1308
2308, 1309 street#1309
2309, 1310 street#1310
2310, 1311 street#1311
2311, 1312 street#1312
2312, 1313 street#1313
2313, 1314 street#1314
2314, 1315 street#1315
2315, 1316 street#1316
2316, 1317 street#1317
2317, 1318 street#1318
2318, 1319 street#1319
2319, 1320 street#1320
2320, 1321 street#1321
2321, 1322 street#1322
2322, 1323 street#1323
2323, 1324 street#1324
2324, 1325 street#1325
2325, 1326 street#1326
2326, 1327 street#1327
2327, 1328 street#1328
2328, 1329 street#1329
2329, 1330 street#1330
2330, 1331 street#1331
2331, 1332 street#1332
2332, 1333 street#1333
2333, 1334 street#1334
2334, 1335 street#1335
2335, 1336 street#1336
2336, 1337 street#1337
2337, 1338 street#1338
2338, 1339 street#1339
2339, 1340 street#1340
2340, 1341 street#1341
2341, 1342 street#1342
2342, 1343 street#1343
2343, 1344 street#1344
2344, 1345 street#1345
2345, 1346 street#1346
2346, 1347 street#1347
2347, 1348 street#1348
2348, 1349 street#1349
2349, 1350 street#1350
2350, 1351 street#1351
2351, 1352 street#1352
2352, 1353 street#1353
2353, 1354 street#1354
2354, 1355 street#1355
2355, 1356 street#1356
2356, 1357 street#1357
2357, 1358 street#1358
2358, 1359 street#1359
2359, 1360 street#1360
2360, 1361 street#1361
2361, 1362 street#1362
2362, 1363 street#1363
2363, 1364 street#1364
2364, 1365 street#1365
2365, 1366 street#1366
2366, 1367 street#1367
2367, 1368 street#1368
2368, 1369 street#1369
2369, 1370 street#1370
2370, 1371 street#1371
2371, 1372 street#1372
2372, 1373 street#1373
2373, 1374 street#1374
2374, 1375 street#1375
2375, 1376 street#1376
2376, 1377 street#1377
2377, 1378 street#1378
2378, 1379 street#1379
2379, 1380 street#1380
2380, 1381 street#1381
2381, 1382 street#1382
2382, 1383 street#1383
2383, 1384 street#1384
2384, 1385 street#1385
2385, 1386 street#1386
2386, 1387 street#1387
2387, 1388 street#1388
2388, 1389 street#1389
2389, 1390 street#1390
2390, 1391 street#1391
2391, 1392 street#1392
2392, 1393 street#1393
2393, 1394 street#1394
2394, 1395 street#1395
2395, 1396 street#1396
2396, 1397 street#1397
2397, 1398 street#1398
2398, 1399 street#1399
2399, 1400 street#1400
2400, 1401 street#1401
2401, 1402 street#1402
2402, 1403 street#1403
2403, 1404 street#1404
2404, 1405 street#1405
2405, 1406 street#1406
2406, 1407 street#1407
2407, 1408 street#1408
2408, 1409 street#1409
2409, 1410 street#1410
2410, 1411 street#1411
2411, 1412 street#1412
2412, 1413 street#1413
2413, 1414 street#1414
2414, 1415 street#1415
2415, 1416 street#1416
2416, 1417 street#1417
2417, 1418 street#1418
2418, 1419 street#1419
2419, 1420 street#1420
2420, 1421 street#1421
2421, 1422 street#1422
2422, 1423 street#1423
2423, 1424 street#1424
2424, 1425 street#1425
2425, 1426 street#1426
2426, 1427 street#1427
2427, 1428 street#1428
2428, 1429 street#1429
2429, 1430 street#1430
2430, 1431 street#1431
2431, 1432 street#1432
2432, 1433 street#1433
2433, 1434 street#1434
2434, 1435 street#1435
2435, 1436 street#1436
2436, 1437 street#1437
2437, 1438 street#1438
2438, 1439 street#1439
2439, 1440 street#1440
2440, 1441 street#1441
2441, 1442 street#1442
2442, 1443 street#1443
2443, 1444 street#1444
2444, 1445 street#1445
